2.2416376883956697,37.0

-0.49791051358728455,19.0

-0.49791051358728455,19.0

2.2416376883956697,37.0

-0.49791051358728455,19.0

-0.49791051358728455,19.0

-0.49791051358728455,19.0

-0.49791051358728455,19.0

-0.49791051358728455,19.0

-0.49791051358728455,19.0

-0.49791051358728455,19.0

-0.49791051358728455,19.0

-0.49791051358728455,19.0

2.2416376883956697,37.0

-0.49791051358728455,19.0

-0.49791051358728455,19.0

-0.49791051358728455,19.0

2.2416376883956697,37.0

-0.49791051358728455,19.0

2.2416376883956697,37.0

-0.49791051358728455,19.0

-0.49791051358728455,19.0

-0.49791051358728455,19.0

-0.49791051358728455,19.0

2.2416376883956697,37.0

-0.49791051358728455,19.0

-0.49791051358728455,19.0

-0.49791051358728455,19.0

-0.49791051358728455,19.0

-0.49791051358728455,19.0

-0.49791051358728455,19.0

-0.49791051358728455,19.0

3.605687540642124,55.0

-0.49791051358728455,19.0

-0.49791051358728455,19.0

-0.49791051358728455,19.0

-0.49791051358728455,19.0

-0.49791051358728455,19.0

-0.49791051358728455,19.0

2.2416376883956697,37.0

-0.49791051358728455,19.0

-0.49791051358728455,19.0

-0.49791051358728455,19.0

-0.49791051358728455,19.0

-0.49791051358728455,19.0

-0.49791051358728455,19.0

2.2416376883956697,37.0

-0.49791051358728455,19.0

-0.49791051358728455,19.0

2.2416376883956697,37.0

-0.49791051358728455,19.0

-0.49791051358728455,19.0

-0.49791051358728455,19.0

-0.49791051358728455,19.0

-0.49791051358728455,19.0

-0.49791051358728455,19.0

2.2416376883956697,37.0

2.2416376883956697,37.0

-0.49791051358728455,19.0

2.2416376883956697,37.0

-0.49791051358728455,19.0

3.605687540642124,55.0

-0.49791051358728455,19.0

-0.49791051358728455,19.0

-0.49791051358728455,19.0

-0.49791051358728455,19.0

-0.49791051358728455,19.0

-0.49791051358728455,19.0

-0.49791051358728455,19.0

-0.49791051358728455,19.0

-0.49791051358728455,19.0

-0.49791051358728455,19.0

-0.49791051358728455,19.0

2.2416376883956697,37.0

-0.49791051358728455,19.0

-0.49791051358728455,19.0

-0.49791051358728455,19.0

-0.49791051358728455,19.0

-0.49791051358728455,19.0

2.2416376883956697,37.0

-0.49791051358728455,19.0

-0.49791051358728455,19.0

-0.49791051358728455,19.0

-0.49791051358728455,19.0

-0.49791051358728455,19.0

-0.49791051358728455,19.0

-0.49791051358728455,19.0

-0.49791051358728455,19.0

-0.49791051358728455,19.0

-0.49791051358728455,19.0

-0.49791051358728455,19.0

-0.49791051358728455,19.0

-0.49791051358728455,19.0

-0.49791051358728455,19.0

-0.49791051358728455,19.0

-0.49791051358728455,19.0

-0.49791051358728455,19.0

-0.49791051358728455,19.0

-0.49791051358728455,19.0

2.2416376883956697,37.0

-0.49791051358728455,19.0

-0.49791051358728455,19.0

-0.49791051358728455,19.0

-0.49791051358728455,19.0

-0.49791051358728455,19.0

-0.49791051358728455,19.0

-0.49791051358728455,19.0

-0.49791051358728455,19.0

-0.49791051358728455,19.0

2.2416376883956697,37.0

-0.49791051358728455,19.0

-0.49791051358728455,19.0

-0.49791051358728455,19.0

-0.49791051358728455,19.0

-0.49791051358728455,19.0

-0.49791051358728455,19.0

-0.49791051358728455,19.0

2.2416376883956697,37.0

-0.49791051358728455,19.0

-0.49791051358728455,19.0

-0.49791051358728455,19.0

-0.49791051358728455,19.0

-0.49791051358728455,19.0

-0.49791051358728455,19.0

2.2416376883956697,37.0

-0.49791051358728455,19.0

-0.49791051358728455,19.0

-0.49791051358728455,19.0

-0.49791051358728455,19.0

-0.49791051358728455,19.0

2.2416376883956697,37.0

2.2416376883956697,37.0

2.2416376883956697,37.0

-0.49791051358728455,19.0

-0.49791051358728455,19.0

-0.49791051358728455,19.0

-0.49791051358728455,19.0

2.2416376883956697,37.0

-0.49791051358728455,19.0

-0.49791051358728455,19.0

-0.49791051358728455,19.0

-0.49791051358728455,19.0

-0.49791051358728455,19.0

-0.49791051358728455,19.0

-0.49791051358728455,19.0

2.2416376883956697,37.0

2.2416376883956697,37.0

-0.49791051358728455,19.0

-0.49791051358728455,19.0

-0.49791051358728455,19.0

-0.49791051358728455,19.0

-0.49791051358728455,19.0

-0.49791051358728455,19.0

-0.49791051358728455,19.0

-0.49791051358728455,19.0

-0.49791051358728455,19.0

-0.49791051358728455,19.0

-0.49791051358728455,19.0

-0.49791051358728455,19.0

-0.49791051358728455,19.0

-0.49791051358728455,19.0

-0.49791051358728455,19.0

-0.49791051358728455,19.0

-0.49791051358728455,19.0

-0.49791051358728455,19.0

-0.49791051358728455,19.0

-0.49791051358728455,19.0

-0.49791051358728455,19.0

-0.49791051358728455,19.0

-0.49791051358728455,19.0

-0.49791051358728455,19.0

2.2416376883956697,37.0

-0.49791051358728455,19.0

-0.49791051358728455,19.0

-0.49791051358728455,19.0

2.2416376883956697,37.0

-0.49791051358728455,19.0

-0.49791051358728455,19.0

-0.49791051358728455,19.0

-0.49791051358728455,19.0

-0.49791051358728455,19.0

-0.49791051358728455,19.0

-0.49791051358728455,19.0

-0.49791051358728455,19.0

2.2416376883956697,37.0

-0.49791051358728455,19.0

-0.49791051358728455,19.0

2.2416376883956697,37.0

-0.49791051358728455,19.0

-0.49791051358728455,19.0

-0.49791051358728455,19.0

-0.49791051358728455,19.0

-0.49791051358728455,19.0

3.605687540642124,55.0

2.2416376883956697,37.0

-0.49791051358728455,19.0

-0.49791051358728455,19.0

2.2416376883956697,37.0

-0.49791051358728455,19.0

-0.49791051358728455,19.0

-0.49791051358728455,19.0

-0.49791051358728455,19.0

-0.49791051358728455,19.0

-0.49791051358728455,19.0

-0.49791051358728455,19.0

2.2416376883956697,37.0

-0.49791051358728455,19.0

3.605687540642124,55.0

3.605687540642124,55.0

-0.49791051358728455,19.0

-0.49791051358728455,19.0

-0.49791051358728455,19.0

-0.49791051358728455,19.0

-0.49791051358728455,19.0

-0.49791051358728455,19.0

2.2416376883956697,37.0

-0.49791051358728455,19.0

-0.49791051358728455,19.0

-0.49791051358728455,19.0

-0.49791051358728455,19.0

-0.49791051358728455,19.0

-0.49791051358728455,19.0

-0.49791051358728455,19.0

-0.49791051358728455,19.0

2.2416376883956697,37.0

-0.49791051358728455,19.0

-0.49791051358728455,19.0

-0.49791051358728455,19.0

-0.49791051358728455,19.0

-0.49791051358728455,19.0

-0.49791051358728455,19.0

-0.49791051358728455,19.0

-0.49791051358728455,19.0

-0.49791051358728455,19.0

2.2416376883956697,37.0

-0.49791051358728455,19.0

-0.49791051358728455,19.0

-0.49791051358728455,19.0

-0.49791051358728455,19.0

2.2416376883956697,37.0

-0.49791051358728455,19.0

2.2416376883956697,37.0

-0.49791051358728455,19.0

-0.49791051358728455,19.0

-0.49791051358728455,19.0

-0.49791051358728455,19.0

-0.49791051358728455,19.0

-0.49791051358728455,19.0

-0.49791051358728455,19.0

-0.49791051358728455,19.0

-0.49791051358728455,19.0

-0.49791051358728455,19.0

-0.49791051358728455,19.0

4.958381800382382,397.0

-0.49791051358728455,19.0

-0.49791051358728455,19.0

-0.49791051358728455,19.0

-0.49791051358728455,19.0

-0.49791051358728455,19.0

-0.49791051358728455,19.0

2.2416376883956697,37.0

-0.49791051358728455,19.0

-0.49791051358728455,19.0

-0.49791051358728455,19.0

-0.49791051358728455,19.0

4.958379397652886,379.0

-0.49791051358728455,19.0

-0.49791051358728455,19.0

-0.49791051358728455,19.0

-0.49791051358728455,19.0

-0.49791051358728455,19.0

-0.49791051358728455,19.0

-0.49791051358728455,19.0

-0.49791051358728455,19.0

-0.49791051358728455,19.0

2.2416376883956697,37.0

-0.49791051358728455,19.0

-0.49791051358728455,19.0

-0.49791051358728455,19.0

-0.49791051358728455,19.0

2.2416376883956697,37.0

-0.49791051358728455,19.0

2.2416376883956697,37.0

3.605687540642124,55.0

-0.49791051358728455,19.0

-0.49791051358728455,19.0

2.2416376883956697,37.0

-0.49791051358728455,19.0

-0.49791051358728455,19.0

-0.49791051358728455,19.0

-0.49791051358728455,19.0

-0.49791051358728455,19.0

-0.49791051358728455,19.0

-0.49791051358728455,19.0

-0.49791051358728455,19.0

-0.49791051358728455,19.0

2.2416376883956697,37.0

-0.49791051358728455,19.0

4.9583841829764195,649.0

-0.49791051358728455,19.0

-0.49791051358728455,19.0

-0.49791051358728455,19.0

-0.49791051358728455,19.0

-0.49791051358728455,19.0

-0.49791051358728455,19.0

-0.49791051358728455,19.0

2.2416376883956697,37.0

-0.49791051358728455,19.0

-0.49791051358728455,19.0

-0.49791051358728455,19.0

-0.49791051358728455,19.0

-0.49791051358728455,19.0

-0.49791051358728455,19.0

-0.49791051358728455,19.0

-0.49791051358728455,19.0

-0.49791051358728455,19.0

4.958382996726659,415.0

-0.49791051358728455,19.0

-0.49791051358728455,19.0

2.2416376883956697,37.0

-0.49791051358728455,19.0

-0.49791051358728455,19.0

-0.49791051358728455,19.0

-0.49791051358728455,19.0

-0.49791051358728455,19.0

2.2416376883956697,37.0

-0.49791051358728455,19.0

-0.49791051358728455,19.0

-0.49791051358728455,19.0

-0.49791051358728455,19.0

-0.49791051358728455,19.0

-0.49791051358728455,19.0

-0.49791051358728455,19.0

-0.49791051358728455,19.0

-0.49791051358728455,19.0

-0.49791051358728455,19.0

-0.49791051358728455,19.0

-0.49791051358728455,19.0

-0.49791051358728455,19.0

-0.49791051358728455,19.0

-0.49791051358728455,19.0

-0.49791051358728455,19.0

-0.49791051358728455,19.0

2.2416376883956697,37.0

-0.49791051358728455,19.0

-0.49791051358728455,19.0

-0.49791051358728455,19.0

-0.49791051358728455,19.0

-0.49791051358728455,19.0

-0.49791051358728455,19.0

-0.49791051358728455,19.0

-0.49791051358728455,19.0

-0.49791051358728455,19.0

-0.49791051358728455,19.0

-0.49791051358728455,19.0

-0.49791051358728455,19.0

-0.49791051358728455,19.0

-0.49791051358728455,19.0

-0.49791051358728455,19.0

-0.49791051358728455,19.0

-0.49791051358728455,19.0

-0.49791051358728455,19.0

-0.49791051358728455,19.0

2.2416376883956697,37.0

-0.49791051358728455,19.0

-0.49791051358728455,19.0

-0.49791051358728455,19.0

4.958384183113569,2017.0

-0.49791051358728455,19.0

-0.49791051358728455,19.0

-0.49791051358728455,19.0

2.2416376883956697,37.0

-0.49791051358728455,19.0

2.2416376883956697,37.0

-0.49791051358728455,19.0

-0.49791051358728455,19.0

2.2416376883956697,37.0

2.2416376883956697,37.0

-0.49791051358728455,19.0

-0.49791051358728455,19.0

-0.49791051358728455,19.0

2.2416376883956697,37.0

-0.49791051358728455,19.0

2.2416376883956697,37.0

-0.49791051358728455,19.0

-0.49791051358728455,19.0

-0.49791051358728455,19.0

-0.49791051358728455,19.0

-0.49791051358728455,19.0

-0.49791051358728455,19.0

-0.49791051358728455,19.0

-0.49791051358728455,19.0

-0.49791051358728455,19.0

-0.49791051358728455,19.0

-0.49791051358728455,19.0

-0.49791051358728455,19.0

-0.49791051358728455,19.0

-0.49791051358728455,19.0

-0.49791051358728455,19.0

-0.49791051358728455,19.0

-0.49791051358728455,19.0

-0.49791051358728455,19.0

-0.49791051358728455,19.0

-0.49791051358728455,19.0

-0.49791051358728455,19.0

-0.49791051358728455,19.0

-0.49791051358728455,19.0

-0.49791051358728455,19.0

-0.49791051358728455,19.0

-0.49791051358728455,19.0

-0.49791051358728455,19.0

-0.49791051358728455,19.0

-0.49791051358728455,19.0

-0.49791051358728455,19.0

-0.49791051358728455,19.0

-0.49791051358728455,19.0

-0.49791051358728455,19.0

-0.49791051358728455,19.0

-0.49791051358728455,19.0

-0.49791051358728455,19.0

-0.49791051358728455,19.0

-0.49791051358728455,19.0

-0.49791051358728455,19.0

-0.49791051358728455,19.0

-0.49791051358728455,19.0

-0.49791051358728455,19.0

-0.49791051358728455,19.0

-0.49791051358728455,19.0

-0.49791051358728455,19.0

-0.49791051358728455,19.0

-0.49791051358728455,19.0

-0.49791051358728455,19.0

-0.49791051358728455,19.0

-0.49791051358728455,19.0

-0.49791051358728455,19.0

-0.49791051358728455,19.0

-0.49791051358728455,19.0

-0.49791051358728455,19.0

-0.49791051358728455,19.0

-0.49791051358728455,19.0

-0.49791051358728455,19.0

-0.49791051358728455,19.0

-0.49791051358728455,19.0

-0.49791051358728455,19.0

4.958384183113569,6715.0

-0.49791051358728455,19.0

-0.49791051358728455,19.0

-0.49791051358728455,19.0

4.958227808132935,289.0

-0.49791051358728455,19.0

-0.49791051358728455,19.0

-0.49791051358728455,19.0

3.605687540642124,55.0

2.2416376883956697,37.0

-0.49791051358728455,19.0

2.2416376883956697,37.0

-0.49791051358728455,19.0

-0.49791051358728455,19.0

2.2416376883956697,37.0

-0.49791051358728455,19.0

-0.49791051358728455,19.0

2.2416376883956697,37.0

-0.49791051358728455,19.0

-0.49791051358728455,19.0

2.2416376883956697,37.0

-0.49791051358728455,19.0

-0.49791051358728455,19.0

-0.49791051358728455,19.0

-0.49791051358728455,19.0

-0.49791051358728455,19.0

4.958345415429081,325.0

-0.49791051358728455,19.0

-0.49791051358728455,19.0

-0.49791051358728455,19.0

-0.49791051358728455,19.0

-0.49791051358728455,19.0

-0.49791051358728455,19.0

-0.49791051358728455,19.0

-0.49791051358728455,19.0

-0.49791051358728455,19.0

-0.49791051358728455,19.0

-0.49791051358728455,19.0

-0.49791051358728455,19.0

-0.49791051358728455,19.0

-0.49791051358728455,19.0

-0.49791051358728455,19.0

-0.49791051358728455,19.0

-0.49791051358728455,19.0

-0.49791051358728455,19.0

-0.49791051358728455,19.0

-0.49791051358728455,19.0

-0.49791051358728455,19.0

-0.49791051358728455,19.0

-0.49791051358728455,19.0

-0.49791051358728455,19.0

-0.49791051358728455,19.0

-0.49791051358728455,19.0

-0.49791051358728455,19.0

-0.49791051358728455,19.0

-0.49791051358728455,19.0

-0.49791051358728455,19.0

-0.49791051358728455,19.0

-0.49791051358728455,19.0

-0.49791051358728455,19.0

-0.49791051358728455,19.0

-0.49791051358728455,19.0

-0.49791051358728455,19.0

-0.49791051358728455,19.0

-0.49791051358728455,19.0

-0.49791051358728455,19.0

-0.49791051358728455,19.0

-0.49791051358728455,19.0

-0.49791051358728455,19.0

-0.49791051358728455,19.0

-0.49791051358728455,19.0

-0.49791051358728455,19.0

-0.49791051358728455,19.0

-0.49791051358728455,19.0

-0.49791051358728455,19.0

-0.49791051358728455,19.0

-0.49791051358728455,19.0

-0.49791051358728455,19.0

-0.49791051358728455,19.0

-0.49791051358728455,19.0

-0.49791051358728455,19.0

-0.49791051358728455,19.0

-0.49791051358728455,19.0

-0.49791051358728455,19.0

-0.49791051358728455,19.0

-0.49791051358728455,19.0

2.2416376883956697,37.0

-0.49791051358728455,19.0

-0.49791051358728455,19.0

-0.49791051358728455,19.0

-0.49791051358728455,19.0

-0.49791051358728455,19.0

2.2416376883956697,37.0

-0.49791051358728455,19.0

-0.49791051358728455,19.0

-0.49791051358728455,19.0

-0.49791051358728455,19.0

-0.49791051358728455,19.0

-0.49791051358728455,19.0

-0.49791051358728455,19.0

-0.49791051358728455,19.0

-0.49791051358728455,19.0

2.2416376883956697,37.0

2.2416376883956697,37.0

-0.49791051358728455,19.0

-0.49791051358728455,19.0

-0.49791051358728455,19.0

-0.49791051358728455,19.0

-0.49791051358728455,19.0

-0.49791051358728455,19.0

-0.49791051358728455,19.0

-0.49791051358728455,19.0

-0.49791051358728455,19.0

-0.49791051358728455,19.0

-0.49791051358728455,19.0

-0.49791051358728455,19.0

-0.49791051358728455,19.0

-0.49791051358728455,19.0

-0.49791051358728455,19.0

-0.49791051358728455,19.0

-0.49791051358728455,19.0

-0.49791051358728455,19.0

-0.49791051358728455,19.0

4.958384183045281,667.0

-0.49791051358728455,19.0

3.605687540642124,55.0

-0.49791051358728455,19.0

-0.49791051358728455,19.0

-0.49791051358728455,19.0

-0.49791051358728455,19.0

-0.49791051358728455,19.0

-0.49791051358728455,19.0

-0.49791051358728455,19.0

-0.49791051358728455,19.0

-0.49791051358728455,19.0

-0.49791051358728455,19.0

-0.49791051358728455,19.0

-0.49791051358728455,19.0

-0.49791051358728455,19.0

-0.49791051358728455,19.0

-0.49791051358728455,19.0

-0.49791051358728455,19.0

-0.49791051358728455,19.0

-0.49791051358728455,19.0

-0.49791051358728455,19.0

-0.49791051358728455,19.0

-0.49791051358728455,19.0

-0.49791051358728455,19.0

-0.49791051358728455,19.0

4.95775342234228,253.0

-0.49791051358728455,19.0

-0.49791051358728455,19.0

-0.49791051358728455,19.0

-0.49791051358728455,19.0

-0.49791051358728455,19.0

-0.49791051358728455,19.0

-0.49791051358728455,19.0

-0.49791051358728455,19.0

-0.49791051358728455,19.0

-0.49791051358728455,19.0

-0.49791051358728455,19.0

-0.49791051358728455,19.0

-0.49791051358728455,19.0

-0.49791051358728455,19.0

-0.49791051358728455,19.0

-0.49791051358728455,19.0

-0.49791051358728455,19.0

-0.49791051358728455,19.0

-0.49791051358728455,19.0

-0.49791051358728455,19.0

-0.49791051358728455,19.0

-0.49791051358728455,19.0

-0.49791051358728455,19.0

-0.49791051358728455,19.0

-0.49791051358728455,19.0

4.958384183113569,1171.0

-0.49791051358728455,19.0

-0.49791051358728455,19.0

-0.49791051358728455,19.0

2.2416376883956697,37.0

-0.49791051358728455,19.0

2.2416376883956697,37.0

4.958384183113569,1747.0

-0.49791051358728455,19.0

-0.49791051358728455,19.0

-0.49791051358728455,19.0

-0.49791051358728455,19.0

-0.49791051358728455,19.0

-0.49791051358728455,19.0

-0.49791051358728455,19.0

-0.49791051358728455,19.0

-0.49791051358728455,19.0

-0.49791051358728455,19.0

-0.49791051358728455,19.0

-0.49791051358728455,19.0

-0.49791051358728455,19.0

-0.49791051358728455,19.0

-0.49791051358728455,19.0

-0.49791051358728455,19.0

-0.49791051358728455,19.0

-0.49791051358728455,19.0

-0.49791051358728455,19.0

-0.49791051358728455,19.0

-0.49791051358728455,19.0

-0.49791051358728455,19.0

-0.49791051358728455,19.0

-0.49791051358728455,19.0

-0.49791051358728455,19.0

-0.49791051358728455,19.0

-0.49791051358728455,19.0

-0.49791051358728455,19.0

-0.49791051358728455,19.0

-0.49791051358728455,19.0

-0.49791051358728455,19.0

-0.49791051358728455,19.0

-0.49791051358728455,19.0

-0.49791051358728455,19.0

-0.49791051358728455,19.0

-0.49791051358728455,19.0

-0.49791051358728455,19.0

-0.49791051358728455,19.0

-0.49791051358728455,19.0

-0.49791051358728455,19.0

-0.49791051358728455,19.0

-0.49791051358728455,19.0

-0.49791051358728455,19.0

-0.49791051358728455,19.0

-0.49791051358728455,19.0

-0.49791051358728455,19.0

-0.49791051358728455,19.0

-0.49791051358728455,19.0

-0.49791051358728455,19.0

-0.49791051358728455,19.0

-0.49791051358728455,19.0

4.958384183113569,14383.0

-0.49791051358728455,19.0

-0.49791051358728455,19.0

-0.49791051358728455,19.0

-0.49791051358728455,19.0

-0.49791051358728455,19.0

-0.49791051358728455,19.0

2.2416376883956697,37.0

-0.49791051358728455,19.0

-0.49791051358728455,19.0

-0.49791051358728455,19.0

-0.49791051358728455,19.0

-0.49791051358728455,19.0

-0.49791051358728455,19.0

-0.49791051358728455,19.0

-0.49791051358728455,19.0

-0.49791051358728455,19.0

-0.49791051358728455,19.0

-0.49791051358728455,19.0

-0.49791051358728455,19.0

-0.49791051358728455,19.0

-0.49791051358728455,19.0

-0.49791051358728455,19.0

-0.49791051358728455,19.0

-0.49791051358728455,19.0

-0.49791051358728455,19.0

4.958384183113566,919.0

-0.49791051358728455,19.0

2.2416376883956697,37.0

-0.49791051358728455,19.0

-0.49791051358728455,19.0

-0.49791051358728455,19.0

-0.49791051358728455,19.0

4.958384183113569,1927.0

-0.49791051358728455,19.0

-0.49791051358728455,19.0

2.2416376883956697,37.0

3.605687540642124,55.0

-0.49791051358728455,19.0

-0.49791051358728455,19.0

3.605687540642124,55.0

-0.49791051358728455,19.0

-0.49791051358728455,19.0

-0.49791051358728455,19.0

-0.49791051358728455,19.0

-0.49791051358728455,19.0

2.2416376883956697,37.0

2.2416376883956697,37.0

-0.49791051358728455,19.0

2.2416376883956697,37.0

-0.49791051358728455,19.0

-0.49791051358728455,19.0

-0.49791051358728455,19.0

2.2416376883956697,37.0

-0.49791051358728455,19.0

2.2416376883956697,37.0

-0.49791051358728455,19.0

-0.49791051358728455,19.0

2.2416376883956697,37.0

-0.49791051358728455,19.0

-0.49791051358728455,19.0

-0.49791051358728455,19.0

-0.49791051358728455,19.0

-0.49791051358728455,19.0

-0.49791051358728455,19.0

-0.49791051358728455,19.0

-0.49791051358728455,19.0

2.2416376883956697,37.0

-0.49791051358728455,19.0

-0.49791051358728455,19.0

2.2416376883956697,37.0

-0.49791051358728455,19.0

-0.49791051358728455,19.0

-0.49791051358728455,19.0

-0.49791051358728455,19.0

-0.49791051358728455,19.0

-0.49791051358728455,19.0

-0.49791051358728455,19.0

-0.49791051358728455,19.0

-0.49791051358728455,19.0

-0.49791051358728455,19.0

-0.49791051358728455,19.0

-0.49791051358728455,19.0

-0.49791051358728455,19.0

-0.49791051358728455,19.0

2.2416376883956697,37.0

-0.49791051358728455,19.0

-0.49791051358728455,19.0

-0.49791051358728455,19.0

-0.49791051358728455,19.0

-0.49791051358728455,19.0

-0.49791051358728455,19.0

-0.49791051358728455,19.0

-0.49791051358728455,19.0

-0.49791051358728455,19.0

2.2416376883956697,37.0

-0.49791051358728455,19.0

-0.49791051358728455,19.0

-0.49791051358728455,19.0

-0.49791051358728455,19.0

-0.49791051358728455,19.0

-0.49791051358728455,19.0

-0.49791051358728455,19.0

-0.49791051358728455,19.0

-0.49791051358728455,19.0

-0.49791051358728455,19.0

-0.49791051358728455,19.0

-0.49791051358728455,19.0

-0.49791051358728455,19.0

-0.49791051358728455,19.0

-0.49791051358728455,19.0

-0.49791051358728455,19.0

-0.49791051358728455,19.0

-0.49791051358728455,19.0

-0.49791051358728455,19.0

-0.49791051358728455,19.0

-0.49791051358728455,19.0

-0.49791051358728455,19.0

-0.49791051358728455,19.0

-0.49791051358728455,19.0

-0.49791051358728455,19.0

-0.49791051358728455,19.0

-0.49791051358728455,19.0

-0.49791051358728455,19.0

-0.49791051358728455,19.0

-0.49791051358728455,19.0

-0.49791051358728455,19.0

-0.49791051358728455,19.0

-0.49791051358728455,19.0

-0.49791051358728455,19.0

2.2416376883956697,37.0

-0.49791051358728455,19.0

-0.49791051358728455,19.0

-0.49791051358728455,19.0

-0.49791051358728455,19.0

4.958384183113569,1585.0

-0.49791051358728455,19.0

-0.49791051358728455,19.0

-0.49791051358728455,19.0

-0.49791051358728455,19.0

-0.49791051358728455,19.0

-0.49791051358728455,19.0

-0.49791051358728455,19.0

-0.49791051358728455,19.0

-0.49791051358728455,19.0

4.958384183113569,1477.0

-0.49791051358728455,19.0

-0.49791051358728455,19.0

2.2416376883956697,37.0

2.2416376883956697,37.0

-0.49791051358728455,19.0

-0.49791051358728455,19.0

-0.49791051358728455,19.0

-0.49791051358728455,19.0

-0.49791051358728455,19.0

-0.49791051358728455,19.0

-0.49791051358728455,19.0

2.2416376883956697,37.0

-0.49791051358728455,19.0

-0.49791051358728455,19.0

-0.49791051358728455,19.0

-0.49791051358728455,19.0

-0.49791051358728455,19.0

-0.49791051358728455,19.0

-0.49791051358728455,19.0

-0.49791051358728455,19.0

-0.49791051358728455,19.0

4.958384183113569,7021.0

-0.49791051358728455,19.0

-0.49791051358728455,19.0

-0.49791051358728455,19.0

-0.49791051358728455,19.0

4.958070120693985,271.0

-0.49791051358728455,19.0

-0.49791051358728455,19.0

-0.49791051358728455,19.0

-0.49791051358728455,19.0

-0.49791051358728455,19.0

-0.49791051358728455,19.0

-0.49791051358728455,19.0

-0.49791051358728455,19.0

-0.49791051358728455,19.0

-0.49791051358728455,19.0

-0.49791051358728455,19.0

-0.49791051358728455,19.0

-0.49791051358728455,19.0

-0.49791051358728455,19.0

-0.49791051358728455,19.0

-0.49791051358728455,19.0

-0.49791051358728455,19.0

-0.49791051358728455,19.0

-0.49791051358728455,19.0

-0.49791051358728455,19.0

-0.49791051358728455,19.0

-0.49791051358728455,19.0

4.958384183113569,6949.0

-0.49791051358728455,19.0

-0.49791051358728455,19.0

-0.49791051358728455,19.0

-0.49791051358728455,19.0

-0.49791051358728455,19.0

-0.49791051358728455,19.0

-0.49791051358728455,19.0

-0.49791051358728455,19.0

-0.49791051358728455,19.0

-0.49791051358728455,19.0

-0.49791051358728455,19.0

-0.49791051358728455,19.0

-0.49791051358728455,19.0

-0.49791051358728455,19.0

-0.49791051358728455,19.0

-0.49791051358728455,19.0

-0.49791051358728455,19.0

-0.49791051358728455,19.0

-0.49791051358728455,19.0

-0.49791051358728455,19.0

-0.49791051358728455,19.0

-0.49791051358728455,19.0

-0.49791051358728455,19.0

-0.49791051358728455,19.0

4.958227808132935,289.0

-0.49791051358728455,19.0

2.2416376883956697,37.0

-0.49791051358728455,19.0

2.2416376883956697,37.0

2.2416376883956697,37.0

-0.49791051358728455,19.0

-0.49791051358728455,19.0

-0.49791051358728455,19.0

-0.49791051358728455,19.0

-0.49791051358728455,19.0

-0.49791051358728455,19.0

-0.49791051358728455,19.0

2.2416376883956697,37.0

-0.49791051358728455,19.0

-0.49791051358728455,19.0

-0.49791051358728455,19.0

-0.49791051358728455,19.0

-0.49791051358728455,19.0

-0.49791051358728455,19.0

-0.49791051358728455,19.0

-0.49791051358728455,19.0

-0.49791051358728455,19.0

-0.49791051358728455,19.0

-0.49791051358728455,19.0

-0.49791051358728455,19.0

-0.49791051358728455,19.0

-0.49791051358728455,19.0

-0.49791051358728455,19.0

-0.49791051358728455,19.0

-0.49791051358728455,19.0

-0.49791051358728455,19.0

-0.49791051358728455,19.0

-0.49791051358728455,19.0

-0.49791051358728455,19.0

-0.49791051358728455,19.0

-0.49791051358728455,19.0

-0.49791051358728455,19.0

-0.49791051358728455,19.0

-0.49791051358728455,19.0

-0.49791051358728455,19.0

-0.49791051358728455,19.0

-0.49791051358728455,19.0

-0.49791051358728455,19.0

-0.49791051358728455,19.0

-0.49791051358728455,19.0

-0.49791051358728455,19.0

-0.49791051358728455,19.0

-0.49791051358728455,19.0

-0.49791051358728455,19.0

-0.49791051358728455,19.0

-0.49791051358728455,19.0

-0.49791051358728455,19.0

-0.49791051358728455,19.0

-0.49791051358728455,19.0

-0.49791051358728455,19.0

-0.49791051358728455,19.0

-0.49791051358728455,19.0

-0.49791051358728455,19.0

-0.49791051358728455,19.0

-0.49791051358728455,19.0

-0.49791051358728455,19.0

-0.49791051358728455,19.0

-0.49791051358728455,19.0

-0.49791051358728455,19.0

-0.49791051358728455,19.0

-0.49791051358728455,19.0

-0.49791051358728455,19.0

4.958384183113569,7183.0

2.2416376883956697,37.0

-0.49791051358728455,19.0

-0.49791051358728455,19.0

2.2416376883956697,37.0

-0.49791051358728455,19.0

-0.49791051358728455,19.0

-0.49791051358728455,19.0

2.2416376883956697,37.0

-0.49791051358728455,19.0

-0.49791051358728455,19.0

-0.49791051358728455,19.0

-0.49791051358728455,19.0

-0.49791051358728455,19.0

-0.49791051358728455,19.0

-0.49791051358728455,19.0

-0.49791051358728455,19.0

-0.49791051358728455,19.0

-0.49791051358728455,19.0

-0.49791051358728455,19.0

-0.49791051358728455,19.0

-0.49791051358728455,19.0

-0.49791051358728455,19.0

-0.49791051358728455,19.0

-0.49791051358728455,19.0

-0.49791051358728455,19.0

-0.49791051358728455,19.0

-0.49791051358728455,19.0

-0.49791051358728455,19.0

-0.49791051358728455,19.0

-0.49791051358728455,19.0

-0.49791051358728455,19.0

-0.49791051358728455,19.0

-0.49791051358728455,19.0

-0.49791051358728455,19.0

-0.49791051358728455,19.0

-0.49791051358728455,19.0

-0.49791051358728455,19.0

-0.49791051358728455,19.0

-0.49791051358728455,19.0

-0.49791051358728455,19.0

-0.49791051358728455,19.0

-0.49791051358728455,19.0

-0.49791051358728455,19.0

-0.49791051358728455,19.0

-0.49791051358728455,19.0

-0.49791051358728455,19.0

-0.49791051358728455,19.0

-0.49791051358728455,19.0

-0.49791051358728455,19.0

-0.49791051358728455,19.0

-0.49791051358728455,19.0

2.2416376883956697,37.0

-0.49791051358728455,19.0

-0.49791051358728455,19.0

2.2416376883956697,37.0

-0.49791051358728455,19.0

-0.49791051358728455,19.0

-0.49791051358728455,19.0

-0.49791051358728455,19.0

-0.49791051358728455,19.0

-0.49791051358728455,19.0

-0.49791051358728455,19.0

-0.49791051358728455,19.0

-0.49791051358728455,19.0

4.958384183113569,2683.0

-0.49791051358728455,19.0

-0.49791051358728455,19.0

2.2416376883956697,37.0

-0.49791051358728455,19.0

-0.49791051358728455,19.0

-0.49791051358728455,19.0

4.95775342234228,253.0

-0.49791051358728455,19.0

-0.49791051358728455,19.0

-0.49791051358728455,19.0

-0.49791051358728455,19.0

-0.49791051358728455,19.0

-0.49791051358728455,19.0

-0.49791051358728455,19.0

-0.49791051358728455,19.0

-0.49791051358728455,19.0

-0.49791051358728455,19.0

-0.49791051358728455,19.0

-0.49791051358728455,19.0

-0.49791051358728455,19.0

-0.49791051358728455,19.0

-0.49791051358728455,19.0

-0.49791051358728455,19.0

-0.49791051358728455,19.0

-0.49791051358728455,19.0

2.2416376883956697,37.0

-0.49791051358728455,19.0

-0.49791051358728455,19.0

-0.49791051358728455,19.0

-0.49791051358728455,19.0

-0.49791051358728455,19.0

-0.49791051358728455,19.0

-0.49791051358728455,19.0

-0.49791051358728455,19.0

-0.49791051358728455,19.0

-0.49791051358728455,19.0

-0.49791051358728455,19.0

-0.49791051358728455,19.0

-0.49791051358728455,19.0

-0.49791051358728455,19.0

-0.49791051358728455,19.0

-0.49791051358728455,19.0

-0.49791051358728455,19.0

-0.49791051358728455,19.0

-0.49791051358728455,19.0

-0.49791051358728455,19.0

-0.49791051358728455,19.0

-0.49791051358728455,19.0

-0.49791051358728455,19.0

-0.49791051358728455,19.0

-0.49791051358728455,19.0

-0.49791051358728455,19.0

-0.49791051358728455,19.0

-0.49791051358728455,19.0

-0.49791051358728455,19.0

-0.49791051358728455,19.0

-0.49791051358728455,19.0

-0.49791051358728455,19.0

-0.49791051358728455,19.0

-0.49791051358728455,19.0

-0.49791051358728455,19.0

-0.49791051358728455,19.0

-0.49791051358728455,19.0

-0.49791051358728455,19.0

-0.49791051358728455,19.0

-0.49791051358728455,19.0

-0.49791051358728455,19.0

4.958384183113569,2791.0

-0.49791051358728455,19.0

-0.49791051358728455,19.0

2.2416376883956697,37.0

-0.49791051358728455,19.0

2.2416376883956697,37.0

-0.49791051358728455,19.0

-0.49791051358728455,19.0

-0.49791051358728455,19.0

2.2416376883956697,37.0

-0.49791051358728455,19.0

-0.49791051358728455,19.0

-0.49791051358728455,19.0

-0.49791051358728455,19.0

-0.49791051358728455,19.0

-0.49791051358728455,19.0

-0.49791051358728455,19.0

-0.49791051358728455,19.0

-0.49791051358728455,19.0

-0.49791051358728455,19.0

-0.49791051358728455,19.0

-0.49791051358728455,19.0

-0.49791051358728455,19.0

-0.49791051358728455,19.0

-0.49791051358728455,19.0

-0.49791051358728455,19.0

-0.49791051358728455,19.0

-0.49791051358728455,19.0

-0.49791051358728455,19.0

-0.49791051358728455,19.0

4.958384183113569,2323.0

4.958384183113569,6787.0

-0.49791051358728455,19.0

-0.49791051358728455,19.0

-0.49791051358728455,19.0

-0.49791051358728455,19.0

4.955839919645171,217.0

-0.49791051358728455,19.0

-0.49791051358728455,19.0

2.2416376883956697,37.0

-0.49791051358728455,19.0

-0.49791051358728455,19.0

-0.49791051358728455,19.0

-0.49791051358728455,19.0

-0.49791051358728455,19.0

-0.49791051358728455,19.0

-0.49791051358728455,19.0

-0.49791051358728455,19.0

-0.49791051358728455,19.0

-0.49791051358728455,19.0

-0.49791051358728455,19.0

-0.49791051358728455,19.0

-0.49791051358728455,19.0

-0.49791051358728455,19.0

-0.49791051358728455,19.0

-0.49791051358728455,19.0

-0.49791051358728455,19.0

-0.49791051358728455,19.0

-0.49791051358728455,19.0

-0.49791051358728455,19.0

-0.49791051358728455,19.0

-0.49791051358728455,19.0

-0.49791051358728455,19.0

-0.49791051358728455,19.0

-0.49791051358728455,19.0

-0.49791051358728455,19.0

-0.49791051358728455,19.0

-0.49791051358728455,19.0

-0.49791051358728455,19.0

-0.49791051358728455,19.0

-0.49791051358728455,19.0

-0.49791051358728455,19.0

-0.49791051358728455,19.0

-0.49791051358728455,19.0

-0.49791051358728455,19.0

-0.49791051358728455,19.0

-0.49791051358728455,19.0

-0.49791051358728455,19.0

-0.49791051358728455,19.0

-0.49791051358728455,19.0

4.958384183113569,6265.0

-0.49791051358728455,19.0

-0.49791051358728455,19.0

-0.49791051358728455,19.0

-0.49791051358728455,19.0

-0.49791051358728455,19.0

-0.49791051358728455,19.0

2.2416376883956697,37.0

-0.49791051358728455,19.0

-0.49791051358728455,19.0

4.958384183113569,1477.0

-0.49791051358728455,19.0

-0.49791051358728455,19.0

-0.49791051358728455,19.0

2.2416376883956697,37.0

-0.49791051358728455,19.0

-0.49791051358728455,19.0

-0.49791051358728455,19.0

2.2416376883956697,37.0

-0.49791051358728455,19.0

-0.49791051358728455,19.0

-0.49791051358728455,19.0

2.2416376883956697,37.0

-0.49791051358728455,19.0

-0.49791051358728455,19.0

-0.49791051358728455,19.0

-0.49791051358728455,19.0

-0.49791051358728455,19.0

-0.49791051358728455,19.0

-0.49791051358728455,19.0

-0.49791051358728455,19.0

-0.49791051358728455,19.0

-0.49791051358728455,19.0

-0.49791051358728455,19.0

-0.49791051358728455,19.0

-0.49791051358728455,19.0

-0.49791051358728455,19.0

-0.49791051358728455,19.0

-0.49791051358728455,19.0

-0.49791051358728455,19.0

-0.49791051358728455,19.0

-0.49791051358728455,19.0

-0.49791051358728455,19.0

-0.49791051358728455,19.0

-0.49791051358728455,19.0

-0.49791051358728455,19.0

-0.49791051358728455,19.0

-0.49791051358728455,19.0

-0.49791051358728455,19.0

-0.49791051358728455,19.0

4.958384183113505,847.0

-0.49791051358728455,19.0

-0.49791051358728455,19.0

2.2416376883956697,37.0

-0.49791051358728455,19.0

-0.49791051358728455,19.0

-0.49791051358728455,19.0

2.2416376883956697,37.0

-0.49791051358728455,19.0

-0.49791051358728455,19.0

2.2416376883956697,37.0

-0.49791051358728455,19.0

2.2416376883956697,37.0

4.958384183113569,8425.0

4.958384183113569,4447.0

4.9583841831130515,793.0

-0.49791051358728455,19.0

-0.49791051358728455,19.0

-0.49791051358728455,19.0

-0.49791051358728455,19.0

-0.49791051358728455,19.0

-0.49791051358728455,19.0

-0.49791051358728455,19.0

-0.49791051358728455,19.0

-0.49791051358728455,19.0

-0.49791051358728455,19.0

-0.49791051358728455,19.0

-0.49791051358728455,19.0

-0.49791051358728455,19.0

-0.49791051358728455,19.0

-0.49791051358728455,19.0

-0.49791051358728455,19.0

-0.49791051358728455,19.0

-0.49791051358728455,19.0

-0.49791051358728455,19.0

-0.49791051358728455,19.0

-0.49791051358728455,19.0

-0.49791051358728455,19.0

-0.49791051358728455,19.0

-0.49791051358728455,19.0

-0.49791051358728455,19.0

-0.49791051358728455,19.0

-0.49791051358728455,19.0

-0.49791051358728455,19.0

-0.49791051358728455,19.0

-0.49791051358728455,19.0

-0.49791051358728455,19.0

-0.49791051358728455,19.0

-0.49791051358728455,19.0

-0.49791051358728455,19.0

-0.49791051358728455,19.0

-0.49791051358728455,19.0

-0.49791051358728455,19.0

-0.49791051358728455,19.0

2.2416376883956697,37.0

-0.49791051358728455,19.0

-0.49791051358728455,19.0

-0.49791051358728455,19.0

-0.49791051358728455,19.0

-0.49791051358728455,19.0

-0.49791051358728455,19.0

-0.49791051358728455,19.0

-0.49791051358728455,19.0

2.2416376883956697,37.0

-0.49791051358728455,19.0

-0.49791051358728455,19.0

-0.49791051358728455,19.0

-0.49791051358728455,19.0

-0.49791051358728455,19.0

-0.49791051358728455,19.0

-0.49791051358728455,19.0

-0.49791051358728455,19.0

-0.49791051358728455,19.0

-0.49791051358728455,19.0

-0.49791051358728455,19.0

-0.49791051358728455,19.0

-0.49791051358728455,19.0

-0.49791051358728455,19.0

-0.49791051358728455,19.0

-0.49791051358728455,19.0

-0.49791051358728455,19.0

-0.49791051358728455,19.0

-0.49791051358728455,19.0

-0.49791051358728455,19.0

-0.49791051358728455,19.0

-0.49791051358728455,19.0

-0.49791051358728455,19.0

-0.49791051358728455,19.0

-0.49791051358728455,19.0

-0.49791051358728455,19.0

-0.49791051358728455,19.0

-0.49791051358728455,19.0

-0.49791051358728455,19.0

-0.49791051358728455,19.0

-0.49791051358728455,19.0

-0.49791051358728455,19.0

-0.49791051358728455,19.0

-0.49791051358728455,19.0

-0.49791051358728455,19.0

-0.49791051358728455,19.0

-0.49791051358728455,19.0

-0.49791051358728455,19.0

-0.49791051358728455,19.0

-0.49791051358728455,19.0

-0.49791051358728455,19.0

-0.49791051358728455,19.0

-0.49791051358728455,19.0

-0.49791051358728455,19.0

-0.49791051358728455,19.0

-0.49791051358728455,19.0

-0.49791051358728455,19.0

2.2416376883956697,37.0

-0.49791051358728455,19.0

-0.49791051358728455,19.0

-0.49791051358728455,19.0

-0.49791051358728455,19.0

-0.49791051358728455,19.0

-0.49791051358728455,19.0

-0.49791051358728455,19.0

-0.49791051358728455,19.0

-0.49791051358728455,19.0

-0.49791051358728455,19.0

-0.49791051358728455,19.0

-0.49791051358728455,19.0

-0.49791051358728455,19.0

-0.49791051358728455,19.0

-0.49791051358728455,19.0

-0.49791051358728455,19.0

-0.49791051358728455,19.0

-0.49791051358728455,19.0

-0.49791051358728455,19.0

-0.49791051358728455,19.0

4.958384183113561,901.0

2.2416376883956697,37.0

-0.49791051358728455,19.0

-0.49791051358728455,19.0

2.2416376883956697,37.0

2.2416376883956697,37.0

-0.49791051358728455,19.0

-0.49791051358728455,19.0

-0.49791051358728455,19.0

-0.49791051358728455,19.0

-0.49791051358728455,19.0

2.2416376883956697,37.0

-0.49791051358728455,19.0

-0.49791051358728455,19.0

2.2416376883956697,37.0

-0.49791051358728455,19.0

-0.49791051358728455,19.0

-0.49791051358728455,19.0

-0.49791051358728455,19.0

-0.49791051358728455,19.0

-0.49791051358728455,19.0

-0.49791051358728455,19.0

-0.49791051358728455,19.0

-0.49791051358728455,19.0

-0.49791051358728455,19.0

-0.49791051358728455,19.0

-0.49791051358728455,19.0

-0.49791051358728455,19.0

-0.49791051358728455,19.0

-0.49791051358728455,19.0

-0.49791051358728455,19.0

-0.49791051358728455,19.0

-0.49791051358728455,19.0

-0.49791051358728455,19.0

-0.49791051358728455,19.0

-0.49791051358728455,19.0

-0.49791051358728455,19.0

-0.49791051358728455,19.0

-0.49791051358728455,19.0

-0.49791051358728455,19.0

-0.49791051358728455,19.0

-0.49791051358728455,19.0

4.958384183113569,1099.0

-0.49791051358728455,19.0

-0.49791051358728455,19.0

-0.49791051358728455,19.0

-0.49791051358728455,19.0

-0.49791051358728455,19.0

-0.49791051358728455,19.0

-0.49791051358728455,19.0

-0.49791051358728455,19.0

-0.49791051358728455,19.0

-0.49791051358728455,19.0

-0.49791051358728455,19.0

-0.49791051358728455,19.0

-0.49791051358728455,19.0

-0.49791051358728455,19.0

-0.49791051358728455,19.0

-0.49791051358728455,19.0

4.958384183113569,8497.0

-0.49791051358728455,19.0

-0.49791051358728455,19.0

-0.49791051358728455,19.0

-0.49791051358728455,19.0

2.2416376883956697,37.0

-0.49791051358728455,19.0

-0.49791051358728455,19.0

-0.49791051358728455,19.0

-0.49791051358728455,19.0

-0.49791051358728455,19.0

-0.49791051358728455,19.0

-0.49791051358728455,19.0

-0.49791051358728455,19.0

-0.49791051358728455,19.0

-0.49791051358728455,19.0

-0.49791051358728455,19.0

-0.49791051358728455,19.0

-0.49791051358728455,19.0

-0.49791051358728455,19.0

-0.49791051358728455,19.0

-0.49791051358728455,19.0

2.2416376883956697,37.0

-0.49791051358728455,19.0

-0.49791051358728455,19.0

-0.49791051358728455,19.0

-0.49791051358728455,19.0

-0.49791051358728455,19.0

-0.49791051358728455,19.0

-0.49791051358728455,19.0

2.2416376883956697,37.0

-0.49791051358728455,19.0

-0.49791051358728455,19.0

-0.49791051358728455,19.0

-0.49791051358728455,19.0

-0.49791051358728455,19.0

-0.49791051358728455,19.0

-0.49791051358728455,19.0

-0.49791051358728455,19.0

-0.49791051358728455,19.0

-0.49791051358728455,19.0

-0.49791051358728455,19.0

-0.49791051358728455,19.0

-0.49791051358728455,19.0

-0.49791051358728455,19.0

-0.49791051358728455,19.0

-0.49791051358728455,19.0

-0.49791051358728455,19.0

2.2416376883956697,37.0

-0.49791051358728455,19.0

-0.49791051358728455,19.0

-0.49791051358728455,19.0

-0.49791051358728455,19.0

-0.49791051358728455,19.0

-0.49791051358728455,19.0

-0.49791051358728455,19.0

2.2416376883956697,37.0

-0.49791051358728455,19.0

-0.49791051358728455,19.0

-0.49791051358728455,19.0

-0.49791051358728455,19.0

-0.49791051358728455,19.0

-0.49791051358728455,19.0

-0.49791051358728455,19.0

-0.49791051358728455,19.0

-0.49791051358728455,19.0

-0.49791051358728455,19.0

-0.49791051358728455,19.0

-0.49791051358728455,19.0

-0.49791051358728455,19.0

-0.49791051358728455,19.0

-0.49791051358728455,19.0

-0.49791051358728455,19.0

-0.49791051358728455,19.0

-0.49791051358728455,19.0

-0.49791051358728455,19.0

-0.49791051358728455,19.0

-0.49791051358728455,19.0

-0.49791051358728455,19.0

-0.49791051358728455,19.0

-0.49791051358728455,19.0

-0.49791051358728455,19.0

-0.49791051358728455,19.0

-0.49791051358728455,19.0

-0.49791051358728455,19.0

-0.49791051358728455,19.0

-0.49791051358728455,19.0

-0.49791051358728455,19.0

-0.49791051358728455,19.0

2.2416376883956697,37.0

-0.49791051358728455,19.0

-0.49791051358728455,19.0

-0.49791051358728455,19.0

-0.49791051358728455,19.0

-0.49791051358728455,19.0

2.2416376883956697,37.0

-0.49791051358728455,19.0

-0.49791051358728455,19.0

-0.49791051358728455,19.0

-0.49791051358728455,19.0

-0.49791051358728455,19.0

-0.49791051358728455,19.0

4.958384183113569,1207.0

-0.49791051358728455,19.0

-0.49791051358728455,19.0

4.958384183113569,3781.0

-0.49791051358728455,19.0

-0.49791051358728455,19.0

-0.49791051358728455,19.0

-0.49791051358728455,19.0

2.2416376883956697,37.0

-0.49791051358728455,19.0

-0.49791051358728455,19.0

-0.49791051358728455,19.0

-0.49791051358728455,19.0

-0.49791051358728455,19.0

-0.49791051358728455,19.0

2.2416376883956697,37.0

-0.49791051358728455,19.0

-0.49791051358728455,19.0

-0.49791051358728455,19.0

-0.49791051358728455,19.0

-0.49791051358728455,19.0

-0.49791051358728455,19.0

-0.49791051358728455,19.0

-0.49791051358728455,19.0

-0.49791051358728455,19.0

-0.49791051358728455,19.0

-0.49791051358728455,19.0

-0.49791051358728455,19.0

-0.49791051358728455,19.0

-0.49791051358728455,19.0

-0.49791051358728455,19.0

-0.49791051358728455,19.0

-0.49791051358728455,19.0

-0.49791051358728455,19.0

-0.49791051358728455,19.0

2.2416376883956697,37.0

-0.49791051358728455,19.0

-0.49791051358728455,19.0

-0.49791051358728455,19.0

-0.49791051358728455,19.0

-0.49791051358728455,19.0

4.958384183112528,775.0

-0.49791051358728455,19.0

-0.49791051358728455,19.0

-0.49791051358728455,19.0

-0.49791051358728455,19.0

-0.49791051358728455,19.0

-0.49791051358728455,19.0

-0.49791051358728455,19.0

3.605687540642124,55.0

-0.49791051358728455,19.0

-0.49791051358728455,19.0

-0.49791051358728455,19.0

-0.49791051358728455,19.0

-0.49791051358728455,19.0

-0.49791051358728455,19.0

-0.49791051358728455,19.0

-0.49791051358728455,19.0

-0.49791051358728455,19.0

-0.49791051358728455,19.0

4.958384183113569,1909.0

-0.49791051358728455,19.0

-0.49791051358728455,19.0

-0.49791051358728455,19.0

-0.49791051358728455,19.0

-0.49791051358728455,19.0

-0.49791051358728455,19.0

-0.49791051358728455,19.0

4.958384183113569,4087.0

2.2416376883956697,37.0

-0.49791051358728455,19.0

-0.49791051358728455,19.0

-0.49791051358728455,19.0

-0.49791051358728455,19.0

-0.49791051358728455,19.0

-0.49791051358728455,19.0

-0.49791051358728455,19.0

-0.49791051358728455,19.0

-0.49791051358728455,19.0

-0.49791051358728455,19.0

-0.49791051358728455,19.0

-0.49791051358728455,19.0

-0.49791051358728455,19.0

-0.49791051358728455,19.0

-0.49791051358728455,19.0

-0.49791051358728455,19.0

-0.49791051358728455,19.0

4.958383592399052,433.0

-0.49791051358728455,19.0

-0.49791051358728455,19.0

-0.49791051358728455,19.0

-0.49791051358728455,19.0

3.605687540642124,55.0

-0.49791051358728455,19.0

-0.49791051358728455,19.0

-0.49791051358728455,19.0

-0.49791051358728455,19.0

4.958374572027738,361.0

-0.49791051358728455,19.0

2.2416376883956697,37.0

-0.49791051358728455,19.0

2.2416376883956697,37.0

-0.49791051358728455,19.0

3.605687540642124,55.0

-0.49791051358728455,19.0

-0.49791051358728455,19.0

-0.49791051358728455,19.0

-0.49791051358728455,19.0

-0.49791051358728455,19.0

-0.49791051358728455,19.0

-0.49791051358728455,19.0

-0.49791051358728455,19.0

-0.49791051358728455,19.0

-0.49791051358728455,19.0

2.2416376883956697,37.0

-0.49791051358728455,19.0

-0.49791051358728455,19.0

-0.49791051358728455,19.0

-0.49791051358728455,19.0

-0.49791051358728455,19.0

-0.49791051358728455,19.0

-0.49791051358728455,19.0

3.605687540642124,55.0

-0.49791051358728455,19.0

3.605687540642124,55.0

-0.49791051358728455,19.0

-0.49791051358728455,19.0

2.2416376883956697,37.0

2.2416376883956697,37.0

2.2416376883956697,37.0

-0.49791051358728455,19.0

-0.49791051358728455,19.0

2.2416376883956697,37.0

-0.49791051358728455,19.0

-0.49791051358728455,19.0

-0.49791051358728455,19.0

-0.49791051358728455,19.0

-0.49791051358728455,19.0

-0.49791051358728455,19.0

-0.49791051358728455,19.0

-0.49791051358728455,19.0

-0.49791051358728455,19.0

-0.49791051358728455,19.0

-0.49791051358728455,19.0

-0.49791051358728455,19.0

-0.49791051358728455,19.0

-0.49791051358728455,19.0

-0.49791051358728455,19.0

-0.49791051358728455,19.0

-0.49791051358728455,19.0

-0.49791051358728455,19.0

-0.49791051358728455,19.0

2.2416376883956697,37.0

-0.49791051358728455,19.0

-0.49791051358728455,19.0

-0.49791051358728455,19.0

-0.49791051358728455,19.0

-0.49791051358728455,19.0

-0.49791051358728455,19.0

-0.49791051358728455,19.0

-0.49791051358728455,19.0

-0.49791051358728455,19.0

-0.49791051358728455,19.0

-0.49791051358728455,19.0

-0.49791051358728455,19.0

-0.49791051358728455,19.0

-0.49791051358728455,19.0

-0.49791051358728455,19.0

-0.49791051358728455,19.0

-0.49791051358728455,19.0

-0.49791051358728455,19.0

-0.49791051358728455,19.0

-0.49791051358728455,19.0

-0.49791051358728455,19.0

4.958384182560358,613.0

-0.49791051358728455,19.0

-0.49791051358728455,19.0

-0.49791051358728455,19.0

-0.49791051358728455,19.0

-0.49791051358728455,19.0

-0.49791051358728455,19.0

-0.49791051358728455,19.0

2.2416376883956697,37.0

2.2416376883956697,37.0

-0.49791051358728455,19.0

-0.49791051358728455,19.0

4.958384183113538,865.0

-0.49791051358728455,19.0

-0.49791051358728455,19.0

-0.49791051358728455,19.0

-0.49791051358728455,19.0

-0.49791051358728455,19.0

-0.49791051358728455,19.0

-0.49791051358728455,19.0

-0.49791051358728455,19.0

2.2416376883956697,37.0

2.2416376883956697,37.0

-0.49791051358728455,19.0

2.2416376883956697,37.0

-0.49791051358728455,19.0

-0.49791051358728455,19.0

-0.49791051358728455,19.0

-0.49791051358728455,19.0

4.958384183113569,3835.0

-0.49791051358728455,19.0

-0.49791051358728455,19.0

-0.49791051358728455,19.0

-0.49791051358728455,19.0

-0.49791051358728455,19.0

-0.49791051358728455,19.0

-0.49791051358728455,19.0

-0.49791051358728455,19.0

-0.49791051358728455,19.0

-0.49791051358728455,19.0

-0.49791051358728455,19.0

-0.49791051358728455,19.0

-0.49791051358728455,19.0

-0.49791051358728455,19.0

2.2416376883956697,37.0

-0.49791051358728455,19.0

-0.49791051358728455,19.0

-0.49791051358728455,19.0

-0.49791051358728455,19.0

-0.49791051358728455,19.0

-0.49791051358728455,19.0

-0.49791051358728455,19.0

-0.49791051358728455,19.0

-0.49791051358728455,19.0

-0.49791051358728455,19.0

-0.49791051358728455,19.0

-0.49791051358728455,19.0

-0.49791051358728455,19.0

-0.49791051358728455,19.0

-0.49791051358728455,19.0

-0.49791051358728455,19.0

-0.49791051358728455,19.0

-0.49791051358728455,19.0

-0.49791051358728455,19.0

-0.49791051358728455,19.0

-0.49791051358728455,19.0

-0.49791051358728455,19.0

-0.49791051358728455,19.0

-0.49791051358728455,19.0

-0.49791051358728455,19.0

-0.49791051358728455,19.0

-0.49791051358728455,19.0

-0.49791051358728455,19.0

-0.49791051358728455,19.0

-0.49791051358728455,19.0

-0.49791051358728455,19.0

-0.49791051358728455,19.0

-0.49791051358728455,19.0

-0.49791051358728455,19.0

3.605687540642124,55.0

-0.49791051358728455,19.0

2.2416376883956697,37.0

2.2416376883956697,37.0

-0.49791051358728455,19.0

-0.49791051358728455,19.0

-0.49791051358728455,19.0

-0.49791051358728455,19.0

3.605687540642124,55.0

-0.49791051358728455,19.0

-0.49791051358728455,19.0

3.605687540642124,55.0

-0.49791051358728455,19.0

2.2416376883956697,37.0

-0.49791051358728455,19.0

-0.49791051358728455,19.0

-0.49791051358728455,19.0

-0.49791051358728455,19.0

-0.49791051358728455,19.0

-0.49791051358728455,19.0

-0.49791051358728455,19.0

-0.49791051358728455,19.0

-0.49791051358728455,19.0

-0.49791051358728455,19.0

-0.49791051358728455,19.0

-0.49791051358728455,19.0

-0.49791051358728455,19.0

-0.49791051358728455,19.0

-0.49791051358728455,19.0

2.2416376883956697,37.0

-0.49791051358728455,19.0

-0.49791051358728455,19.0

-0.49791051358728455,19.0

-0.49791051358728455,19.0

2.2416376883956697,37.0

-0.49791051358728455,19.0

-0.49791051358728455,19.0

2.2416376883956697,37.0

-0.49791051358728455,19.0

-0.49791051358728455,19.0

-0.49791051358728455,19.0

-0.49791051358728455,19.0

-0.49791051358728455,19.0

2.2416376883956697,37.0

-0.49791051358728455,19.0

-0.49791051358728455,19.0

-0.49791051358728455,19.0

-0.49791051358728455,19.0

2.2416376883956697,37.0

-0.49791051358728455,19.0

-0.49791051358728455,19.0

-0.49791051358728455,19.0

2.2416376883956697,37.0

-0.49791051358728455,19.0

4.958384183113569,2215.0

-0.49791051358728455,19.0

-0.49791051358728455,19.0

3.605687540642124,55.0

-0.49791051358728455,19.0

-0.49791051358728455,19.0

3.605687540642124,55.0

-0.49791051358728455,19.0

-0.49791051358728455,19.0

-0.49791051358728455,19.0

-0.49791051358728455,19.0

-0.49791051358728455,19.0

2.2416376883956697,37.0

2.2416376883956697,37.0

-0.49791051358728455,19.0

-0.49791051358728455,19.0

-0.49791051358728455,19.0

-0.49791051358728455,19.0

-0.49791051358728455,19.0

-0.49791051358728455,19.0

-0.49791051358728455,19.0

-0.49791051358728455,19.0

-0.49791051358728455,19.0

2.2416376883956697,37.0

-0.49791051358728455,19.0

-0.49791051358728455,19.0

-0.49791051358728455,19.0

-0.49791051358728455,19.0

-0.49791051358728455,19.0

-0.49791051358728455,19.0

-0.49791051358728455,19.0

-0.49791051358728455,19.0

-0.49791051358728455,19.0

-0.49791051358728455,19.0

-0.49791051358728455,19.0

-0.49791051358728455,19.0

-0.49791051358728455,19.0

-0.49791051358728455,19.0

2.2416376883956697,37.0

-0.49791051358728455,19.0

-0.49791051358728455,19.0

-0.49791051358728455,19.0

-0.49791051358728455,19.0

-0.49791051358728455,19.0

-0.49791051358728455,19.0

2.2416376883956697,37.0

-0.49791051358728455,19.0

2.2416376883956697,37.0

-0.49791051358728455,19.0

-0.49791051358728455,19.0

-0.49791051358728455,19.0

-0.49791051358728455,19.0

-0.49791051358728455,19.0

-0.49791051358728455,19.0

-0.49791051358728455,19.0

-0.49791051358728455,19.0

4.958384183113569,10207.0

-0.49791051358728455,19.0

-0.49791051358728455,19.0

-0.49791051358728455,19.0

-0.49791051358728455,19.0

-0.49791051358728455,19.0

-0.49791051358728455,19.0

-0.49791051358728455,19.0

-0.49791051358728455,19.0

-0.49791051358728455,19.0

-0.49791051358728455,19.0

-0.49791051358728455,19.0

-0.49791051358728455,19.0

-0.49791051358728455,19.0

-0.49791051358728455,19.0

-0.49791051358728455,19.0

-0.49791051358728455,19.0

-0.49791051358728455,19.0

-0.49791051358728455,19.0

-0.49791051358728455,19.0

-0.49791051358728455,19.0

-0.49791051358728455,19.0

4.958384183113311,811.0

-0.49791051358728455,19.0

-0.49791051358728455,19.0

-0.49791051358728455,19.0

-0.49791051358728455,19.0

-0.49791051358728455,19.0

-0.49791051358728455,19.0

-0.49791051358728455,19.0

-0.49791051358728455,19.0

2.2416376883956697,37.0

-0.49791051358728455,19.0

-0.49791051358728455,19.0

-0.49791051358728455,19.0

-0.49791051358728455,19.0

-0.49791051358728455,19.0

4.958384183113569,3277.0

-0.49791051358728455,19.0

-0.49791051358728455,19.0

4.958384183113569,1387.0

-0.49791051358728455,19.0

-0.49791051358728455,19.0

-0.49791051358728455,19.0

-0.49791051358728455,19.0

2.2416376883956697,37.0

-0.49791051358728455,19.0

-0.49791051358728455,19.0

2.2416376883956697,37.0

-0.49791051358728455,19.0

-0.49791051358728455,19.0

2.2416376883956697,37.0

-0.49791051358728455,19.0

-0.49791051358728455,19.0

-0.49791051358728455,19.0

-0.49791051358728455,19.0

2.2416376883956697,37.0

-0.49791051358728455,19.0

-0.49791051358728455,19.0

-0.49791051358728455,19.0

-0.49791051358728455,19.0

-0.49791051358728455,19.0

-0.49791051358728455,19.0

-0.49791051358728455,19.0

-0.49791051358728455,19.0

-0.49791051358728455,19.0

-0.49791051358728455,19.0

-0.49791051358728455,19.0

-0.49791051358728455,19.0

-0.49791051358728455,19.0

-0.49791051358728455,19.0

-0.49791051358728455,19.0

-0.49791051358728455,19.0

-0.49791051358728455,19.0

-0.49791051358728455,19.0

-0.49791051358728455,19.0

-0.49791051358728455,19.0

3.605687540642124,55.0

-0.49791051358728455,19.0

-0.49791051358728455,19.0

-0.49791051358728455,19.0

-0.49791051358728455,19.0

-0.49791051358728455,19.0

-0.49791051358728455,19.0

2.2416376883956697,37.0

-0.49791051358728455,19.0

-0.49791051358728455,19.0

4.958384183113569,3637.0

2.2416376883956697,37.0

2.2416376883956697,37.0

-0.49791051358728455,19.0

3.605687540642124,55.0

-0.49791051358728455,19.0

-0.49791051358728455,19.0

-0.49791051358728455,19.0

2.2416376883956697,37.0

2.2416376883956697,37.0

-0.49791051358728455,19.0

2.2416376883956697,37.0

-0.49791051358728455,19.0

-0.49791051358728455,19.0

2.2416376883956697,37.0

-0.49791051358728455,19.0

-0.49791051358728455,19.0

2.2416376883956697,37.0

2.2416376883956697,37.0

-0.49791051358728455,19.0

-0.49791051358728455,19.0

-0.49791051358728455,19.0

-0.49791051358728455,19.0

-0.49791051358728455,19.0

-0.49791051358728455,19.0

-0.49791051358728455,19.0

-0.49791051358728455,19.0

-0.49791051358728455,19.0

-0.49791051358728455,19.0

4.958384183113569,2053.0

2.2416376883956697,37.0

-0.49791051358728455,19.0

2.2416376883956697,37.0

-0.49791051358728455,19.0

-0.49791051358728455,19.0

-0.49791051358728455,19.0

-0.49791051358728455,19.0

-0.49791051358728455,19.0

-0.49791051358728455,19.0

-0.49791051358728455,19.0

-0.49791051358728455,19.0

-0.49791051358728455,19.0

-0.49791051358728455,19.0

-0.49791051358728455,19.0

-0.49791051358728455,19.0

-0.49791051358728455,19.0

-0.49791051358728455,19.0

4.958384183113569,7903.0

-0.49791051358728455,19.0

-0.49791051358728455,19.0

-0.49791051358728455,19.0

-0.49791051358728455,19.0

-0.49791051358728455,19.0

-0.49791051358728455,19.0

-0.49791051358728455,19.0

-0.49791051358728455,19.0

-0.49791051358728455,19.0

-0.49791051358728455,19.0

-0.49791051358728455,19.0

-0.49791051358728455,19.0

-0.49791051358728455,19.0

-0.49791051358728455,19.0

-0.49791051358728455,19.0

-0.49791051358728455,19.0

2.2416376883956697,37.0

-0.49791051358728455,19.0

-0.49791051358728455,19.0

-0.49791051358728455,19.0

4.791408087370077,109.0

-0.49791051358728455,19.0

-0.49791051358728455,19.0

-0.49791051358728455,19.0

-0.49791051358728455,19.0

-0.49791051358728455,19.0

-0.49791051358728455,19.0

-0.49791051358728455,19.0

-0.49791051358728455,19.0

-0.49791051358728455,19.0

-0.49791051358728455,19.0

-0.49791051358728455,19.0

-0.49791051358728455,19.0

-0.49791051358728455,19.0

-0.49791051358728455,19.0

-0.49791051358728455,19.0

-0.49791051358728455,19.0

-0.49791051358728455,19.0

-0.49791051358728455,19.0

-0.49791051358728455,19.0

-0.49791051358728455,19.0

-0.49791051358728455,19.0

-0.49791051358728455,19.0

-0.49791051358728455,19.0

-0.49791051358728455,19.0

-0.49791051358728455,19.0

-0.49791051358728455,19.0

-0.49791051358728455,19.0

-0.49791051358728455,19.0

-0.49791051358728455,19.0

-0.49791051358728455,19.0

-0.49791051358728455,19.0

-0.49791051358728455,19.0

-0.49791051358728455,19.0

-0.49791051358728455,19.0

-0.49791051358728455,19.0

-0.49791051358728455,19.0

-0.49791051358728455,19.0

-0.49791051358728455,19.0

-0.49791051358728455,19.0

-0.49791051358728455,19.0

-0.49791051358728455,19.0

-0.49791051358728455,19.0

-0.49791051358728455,19.0

-0.49791051358728455,19.0

2.2416376883956697,37.0

-0.49791051358728455,19.0

-0.49791051358728455,19.0

-0.49791051358728455,19.0

-0.49791051358728455,19.0

-0.49791051358728455,19.0

-0.49791051358728455,19.0

-0.49791051358728455,19.0

-0.49791051358728455,19.0

-0.49791051358728455,19.0

-0.49791051358728455,19.0

-0.49791051358728455,19.0

-0.49791051358728455,19.0

-0.49791051358728455,19.0

-0.49791051358728455,19.0

-0.49791051358728455,19.0

-0.49791051358728455,19.0

4.958384183113569,11503.0

-0.49791051358728455,19.0

-0.49791051358728455,19.0

-0.49791051358728455,19.0

-0.49791051358728455,19.0

-0.49791051358728455,19.0

-0.49791051358728455,19.0

-0.49791051358728455,19.0

-0.49791051358728455,19.0

-0.49791051358728455,19.0

-0.49791051358728455,19.0

-0.49791051358728455,19.0

-0.49791051358728455,19.0

-0.49791051358728455,19.0

-0.49791051358728455,19.0

4.953274302122975,199.0

-0.49791051358728455,19.0

-0.49791051358728455,19.0

-0.49791051358728455,19.0

-0.49791051358728455,19.0

-0.49791051358728455,19.0

-0.49791051358728455,19.0

-0.49791051358728455,19.0

4.958384183113569,3295.0

-0.49791051358728455,19.0

-0.49791051358728455,19.0

-0.49791051358728455,19.0

-0.49791051358728455,19.0

-0.49791051358728455,19.0

4.958384183113569,973.0

-0.49791051358728455,19.0

-0.49791051358728455,19.0

-0.49791051358728455,19.0

-0.49791051358728455,19.0

-0.49791051358728455,19.0

2.2416376883956697,37.0

-0.49791051358728455,19.0

-0.49791051358728455,19.0

-0.49791051358728455,19.0

-0.49791051358728455,19.0

-0.49791051358728455,19.0

-0.49791051358728455,19.0

-0.49791051358728455,19.0

-0.49791051358728455,19.0

2.2416376883956697,37.0

2.2416376883956697,37.0

2.2416376883956697,37.0

-0.49791051358728455,19.0

-0.49791051358728455,19.0

-0.49791051358728455,19.0

-0.49791051358728455,19.0

-0.49791051358728455,19.0

-0.49791051358728455,19.0

-0.49791051358728455,19.0

-0.49791051358728455,19.0

-0.49791051358728455,19.0

-0.49791051358728455,19.0

-0.49791051358728455,19.0

-0.49791051358728455,19.0

-0.49791051358728455,19.0

-0.49791051358728455,19.0

-0.49791051358728455,19.0

-0.49791051358728455,19.0

-0.49791051358728455,19.0

3.605687540642124,55.0

-0.49791051358728455,19.0

-0.49791051358728455,19.0

4.958384183113569,2071.0

-0.49791051358728455,19.0

-0.49791051358728455,19.0

-0.49791051358728455,19.0

-0.49791051358728455,19.0

-0.49791051358728455,19.0

-0.49791051358728455,19.0

-0.49791051358728455,19.0

-0.49791051358728455,19.0

-0.49791051358728455,19.0

-0.49791051358728455,19.0

3.605687540642124,55.0

-0.49791051358728455,19.0

3.605687540642124,55.0

-0.49791051358728455,19.0

-0.49791051358728455,19.0

-0.49791051358728455,19.0

-0.49791051358728455,19.0

-0.49791051358728455,19.0

-0.49791051358728455,19.0

-0.49791051358728455,19.0

-0.49791051358728455,19.0

2.2416376883956697,37.0

-0.49791051358728455,19.0

-0.49791051358728455,19.0

-0.49791051358728455,19.0

-0.49791051358728455,19.0

-0.49791051358728455,19.0

-0.49791051358728455,19.0

-0.49791051358728455,19.0

2.2416376883956697,37.0

-0.49791051358728455,19.0

-0.49791051358728455,19.0

-0.49791051358728455,19.0

-0.49791051358728455,19.0

-0.49791051358728455,19.0

2.2416376883956697,37.0

-0.49791051358728455,19.0

-0.49791051358728455,19.0

-0.49791051358728455,19.0

-0.49791051358728455,19.0

-0.49791051358728455,19.0

-0.49791051358728455,19.0

-0.49791051358728455,19.0

-0.49791051358728455,19.0

-0.49791051358728455,19.0

-0.49791051358728455,19.0

-0.49791051358728455,19.0

-0.49791051358728455,19.0

-0.49791051358728455,19.0

-0.49791051358728455,19.0

3.605687540642124,55.0

-0.49791051358728455,19.0

-0.49791051358728455,19.0

-0.49791051358728455,19.0

-0.49791051358728455,19.0

-0.49791051358728455,19.0

-0.49791051358728455,19.0

-0.49791051358728455,19.0

3.605687540642124,55.0

-0.49791051358728455,19.0

-0.49791051358728455,19.0

-0.49791051358728455,19.0

-0.49791051358728455,19.0

-0.49791051358728455,19.0

-0.49791051358728455,19.0

-0.49791051358728455,19.0

-0.49791051358728455,19.0

-0.49791051358728455,19.0

-0.49791051358728455,19.0

-0.49791051358728455,19.0

-0.49791051358728455,19.0

-0.49791051358728455,19.0

-0.49791051358728455,19.0

2.2416376883956697,37.0

2.2416376883956697,37.0

-0.49791051358728455,19.0

-0.49791051358728455,19.0

-0.49791051358728455,19.0

-0.49791051358728455,19.0

-0.49791051358728455,19.0

-0.49791051358728455,19.0

-0.49791051358728455,19.0

2.2416376883956697,37.0

-0.49791051358728455,19.0

-0.49791051358728455,19.0

4.958070120693985,271.0

2.2416376883956697,37.0

-0.49791051358728455,19.0

-0.49791051358728455,19.0

-0.49791051358728455,19.0

-0.49791051358728455,19.0

-0.49791051358728455,19.0

-0.49791051358728455,19.0

-0.49791051358728455,19.0

-0.49791051358728455,19.0

2.2416376883956697,37.0

-0.49791051358728455,19.0

-0.49791051358728455,19.0

-0.49791051358728455,19.0

-0.49791051358728455,19.0

-0.49791051358728455,19.0

-0.49791051358728455,19.0

-0.49791051358728455,19.0

-0.49791051358728455,19.0

-0.49791051358728455,19.0

-0.49791051358728455,19.0

-0.49791051358728455,19.0

-0.49791051358728455,19.0

4.9583838889906,451.0

-0.49791051358728455,19.0

-0.49791051358728455,19.0

-0.49791051358728455,19.0

-0.49791051358728455,19.0

-0.49791051358728455,19.0

-0.49791051358728455,19.0

-0.49791051358728455,19.0

-0.49791051358728455,19.0

-0.49791051358728455,19.0

-0.49791051358728455,19.0

-0.49791051358728455,19.0

-0.49791051358728455,19.0

-0.49791051358728455,19.0

-0.49791051358728455,19.0

-0.49791051358728455,19.0

-0.49791051358728455,19.0

4.958384183113569,2953.0

2.2416376883956697,37.0

-0.49791051358728455,19.0

-0.49791051358728455,19.0

2.2416376883956697,37.0

-0.49791051358728455,19.0

-0.49791051358728455,19.0

2.2416376883956697,37.0

-0.49791051358728455,19.0

3.605687540642124,55.0

-0.49791051358728455,19.0

-0.49791051358728455,19.0

-0.49791051358728455,19.0

-0.49791051358728455,19.0

-0.49791051358728455,19.0

-0.49791051358728455,19.0

-0.49791051358728455,19.0

-0.49791051358728455,19.0

-0.49791051358728455,19.0

4.958384183113569,9595.0

-0.49791051358728455,19.0

-0.49791051358728455,19.0

-0.49791051358728455,19.0

-0.49791051358728455,19.0

-0.49791051358728455,19.0

-0.49791051358728455,19.0

-0.49791051358728455,19.0

-0.49791051358728455,19.0

-0.49791051358728455,19.0

-0.49791051358728455,19.0

-0.49791051358728455,19.0

-0.49791051358728455,19.0

-0.49791051358728455,19.0

-0.49791051358728455,19.0

-0.49791051358728455,19.0

-0.49791051358728455,19.0

-0.49791051358728455,19.0

-0.49791051358728455,19.0

-0.49791051358728455,19.0

-0.49791051358728455,19.0

-0.49791051358728455,19.0

2.2416376883956697,37.0

-0.49791051358728455,19.0

-0.49791051358728455,19.0

-0.49791051358728455,19.0

-0.49791051358728455,19.0

-0.49791051358728455,19.0

-0.49791051358728455,19.0

-0.49791051358728455,19.0

2.2416376883956697,37.0

-0.49791051358728455,19.0

-0.49791051358728455,19.0

-0.49791051358728455,19.0

2.2416376883956697,37.0

2.2416376883956697,37.0

-0.49791051358728455,19.0

3.605687540642124,55.0

-0.49791051358728455,19.0

-0.49791051358728455,19.0

-0.49791051358728455,19.0

2.2416376883956697,37.0

-0.49791051358728455,19.0

2.2416376883956697,37.0

-0.49791051358728455,19.0

-0.49791051358728455,19.0

-0.49791051358728455,19.0

-0.49791051358728455,19.0

2.2416376883956697,37.0

-0.49791051358728455,19.0

-0.49791051358728455,19.0

4.958384183113569,5077.0

-0.49791051358728455,19.0

-0.49791051358728455,19.0

-0.49791051358728455,19.0

2.2416376883956697,37.0

-0.49791051358728455,19.0

-0.49791051358728455,19.0

-0.49791051358728455,19.0

-0.49791051358728455,19.0

2.2416376883956697,37.0

-0.49791051358728455,19.0

3.605687540642124,55.0

-0.49791051358728455,19.0

-0.49791051358728455,19.0

-0.49791051358728455,19.0

2.2416376883956697,37.0

-0.49791051358728455,19.0

-0.49791051358728455,19.0

-0.49791051358728455,19.0

-0.49791051358728455,19.0

-0.49791051358728455,19.0

-0.49791051358728455,19.0

-0.49791051358728455,19.0

-0.49791051358728455,19.0

-0.49791051358728455,19.0

-0.49791051358728455,19.0

-0.49791051358728455,19.0

-0.49791051358728455,19.0

-0.49791051358728455,19.0

-0.49791051358728455,19.0

-0.49791051358728455,19.0

-0.49791051358728455,19.0

-0.49791051358728455,19.0

-0.49791051358728455,19.0

-0.49791051358728455,19.0

-0.49791051358728455,19.0

-0.49791051358728455,19.0

-0.49791051358728455,19.0

-0.49791051358728455,19.0

-0.49791051358728455,19.0

-0.49791051358728455,19.0

-0.49791051358728455,19.0

4.958384183113569,3025.0

-0.49791051358728455,19.0

-0.49791051358728455,19.0

-0.49791051358728455,19.0

-0.49791051358728455,19.0

2.2416376883956697,37.0

2.2416376883956697,37.0

-0.49791051358728455,19.0

2.2416376883956697,37.0

-0.49791051358728455,19.0

-0.49791051358728455,19.0

-0.49791051358728455,19.0

2.2416376883956697,37.0

2.2416376883956697,37.0

-0.49791051358728455,19.0

-0.49791051358728455,19.0

-0.49791051358728455,19.0

-0.49791051358728455,19.0

-0.49791051358728455,19.0

-0.49791051358728455,19.0

-0.49791051358728455,19.0

-0.49791051358728455,19.0

-0.49791051358728455,19.0

-0.49791051358728455,19.0

-0.49791051358728455,19.0

-0.49791051358728455,19.0

-0.49791051358728455,19.0

-0.49791051358728455,19.0

-0.49791051358728455,19.0

-0.49791051358728455,19.0

-0.49791051358728455,19.0

-0.49791051358728455,19.0

-0.49791051358728455,19.0

-0.49791051358728455,19.0

-0.49791051358728455,19.0

-0.49791051358728455,19.0

-0.49791051358728455,19.0

-0.49791051358728455,19.0

-0.49791051358728455,19.0

-0.49791051358728455,19.0

-0.49791051358728455,19.0

-0.49791051358728455,19.0

-0.49791051358728455,19.0

-0.49791051358728455,19.0

-0.49791051358728455,19.0

-0.49791051358728455,19.0

-0.49791051358728455,19.0

-0.49791051358728455,19.0

-0.49791051358728455,19.0

-0.49791051358728455,19.0

-0.49791051358728455,19.0

-0.49791051358728455,19.0

-0.49791051358728455,19.0

-0.49791051358728455,19.0

-0.49791051358728455,19.0

-0.49791051358728455,19.0

-0.49791051358728455,19.0

-0.49791051358728455,19.0

-0.49791051358728455,19.0

-0.49791051358728455,19.0

-0.49791051358728455,19.0

-0.49791051358728455,19.0

-0.49791051358728455,19.0

-0.49791051358728455,19.0

-0.49791051358728455,19.0

-0.49791051358728455,19.0

-0.49791051358728455,19.0

2.2416376883956697,37.0

-0.49791051358728455,19.0

-0.49791051358728455,19.0

-0.49791051358728455,19.0

-0.49791051358728455,19.0

-0.49791051358728455,19.0

-0.49791051358728455,19.0

-0.49791051358728455,19.0

-0.49791051358728455,19.0

-0.49791051358728455,19.0

-0.49791051358728455,19.0

4.958384183113569,1117.0

-0.49791051358728455,19.0

-0.49791051358728455,19.0

-0.49791051358728455,19.0

2.2416376883956697,37.0

-0.49791051358728455,19.0

-0.49791051358728455,19.0

-0.49791051358728455,19.0

-0.49791051358728455,19.0

-0.49791051358728455,19.0

-0.49791051358728455,19.0

-0.49791051358728455,19.0

-0.49791051358728455,19.0

4.958379397652886,379.0

-0.49791051358728455,19.0

-0.49791051358728455,19.0

-0.49791051358728455,19.0

-0.49791051358728455,19.0

-0.49791051358728455,19.0

-0.49791051358728455,19.0

3.605687540642124,55.0

-0.49791051358728455,19.0

2.2416376883956697,37.0

-0.49791051358728455,19.0

3.605687540642124,55.0

-0.49791051358728455,19.0

-0.49791051358728455,19.0

-0.49791051358728455,19.0

-0.49791051358728455,19.0

-0.49791051358728455,19.0

-0.49791051358728455,19.0

-0.49791051358728455,19.0

-0.49791051358728455,19.0

-0.49791051358728455,19.0

2.2416376883956697,37.0

-0.49791051358728455,19.0

2.2416376883956697,37.0

-0.49791051358728455,19.0

-0.49791051358728455,19.0

2.2416376883956697,37.0

-0.49791051358728455,19.0

-0.49791051358728455,19.0

2.2416376883956697,37.0

-0.49791051358728455,19.0

-0.49791051358728455,19.0

4.958384183113569,2323.0

-0.49791051358728455,19.0

-0.49791051358728455,19.0

4.958384183113553,883.0

-0.49791051358728455,19.0

-0.49791051358728455,19.0

-0.49791051358728455,19.0

-0.49791051358728455,19.0

-0.49791051358728455,19.0

-0.49791051358728455,19.0

-0.49791051358728455,19.0

-0.49791051358728455,19.0

2.2416376883956697,37.0

-0.49791051358728455,19.0

-0.49791051358728455,19.0

-0.49791051358728455,19.0

-0.49791051358728455,19.0

3.605687540642124,55.0

-0.49791051358728455,19.0

-0.49791051358728455,19.0

-0.49791051358728455,19.0

-0.49791051358728455,19.0

-0.49791051358728455,19.0

-0.49791051358728455,19.0

4.958384183113569,2179.0

-0.49791051358728455,19.0

-0.49791051358728455,19.0

3.605687540642124,55.0

3.605687540642124,55.0

-0.49791051358728455,19.0

4.958384183113569,1711.0

-0.49791051358728455,19.0

3.605687540642124,55.0

-0.49791051358728455,19.0

-0.49791051358728455,19.0

-0.49791051358728455,19.0

-0.49791051358728455,19.0

-0.49791051358728455,19.0

3.605687540642124,55.0

-0.49791051358728455,19.0

3.605687540642124,55.0

4.958384183113569,10243.0

-0.49791051358728455,19.0

-0.49791051358728455,19.0

-0.49791051358728455,19.0

2.2416376883956697,37.0

2.2416376883956697,37.0

-0.49791051358728455,19.0

-0.49791051358728455,19.0

-0.49791051358728455,19.0

-0.49791051358728455,19.0

-0.49791051358728455,19.0

2.2416376883956697,37.0

-0.49791051358728455,19.0

-0.49791051358728455,19.0

-0.49791051358728455,19.0

-0.49791051358728455,19.0

-0.49791051358728455,19.0

-0.49791051358728455,19.0

-0.49791051358728455,19.0

-0.49791051358728455,19.0

-0.49791051358728455,19.0

-0.49791051358728455,19.0

4.958384183113569,10351.0

-0.49791051358728455,19.0

-0.49791051358728455,19.0

-0.49791051358728455,19.0

-0.49791051358728455,19.0

-0.49791051358728455,19.0

-0.49791051358728455,19.0

4.958384183113569,1981.0

2.2416376883956697,37.0

-0.49791051358728455,19.0

-0.49791051358728455,19.0

-0.49791051358728455,19.0

-0.49791051358728455,19.0

3.605687540642124,55.0

3.605687540642124,55.0

4.958384183113569,7579.0

-0.49791051358728455,19.0

-0.49791051358728455,19.0

-0.49791051358728455,19.0

-0.49791051358728455,19.0

4.958384183113569,4123.0

2.2416376883956697,37.0

3.605687540642124,55.0

-0.49791051358728455,19.0

-0.49791051358728455,19.0

-0.49791051358728455,19.0

-0.49791051358728455,19.0

-0.49791051358728455,19.0

-0.49791051358728455,19.0

-0.49791051358728455,19.0

3.605687540642124,55.0

-0.49791051358728455,19.0

-0.49791051358728455,19.0

-0.49791051358728455,19.0

-0.49791051358728455,19.0

2.2416376883956697,37.0

-0.49791051358728455,19.0

2.2416376883956697,37.0

-0.49791051358728455,19.0

-0.49791051358728455,19.0

-0.49791051358728455,19.0

-0.49791051358728455,19.0

2.2416376883956697,37.0

-0.49791051358728455,19.0

-0.49791051358728455,19.0

-0.49791051358728455,19.0

-0.49791051358728455,19.0

-0.49791051358728455,19.0

-0.49791051358728455,19.0

2.2416376883956697,37.0

-0.49791051358728455,19.0

-0.49791051358728455,19.0

-0.49791051358728455,19.0

-0.49791051358728455,19.0

-0.49791051358728455,19.0

-0.49791051358728455,19.0

-0.49791051358728455,19.0

-0.49791051358728455,19.0

-0.49791051358728455,19.0

-0.49791051358728455,19.0

-0.49791051358728455,19.0

-0.49791051358728455,19.0

-0.49791051358728455,19.0

4.958384183113569,1261.0

-0.49791051358728455,19.0

-0.49791051358728455,19.0

-0.49791051358728455,19.0

-0.49791051358728455,19.0

-0.49791051358728455,19.0

-0.49791051358728455,19.0

-0.49791051358728455,19.0

-0.49791051358728455,19.0

3.605687540642124,55.0

-0.49791051358728455,19.0

-0.49791051358728455,19.0

-0.49791051358728455,19.0

2.2416376883956697,37.0

-0.49791051358728455,19.0

-0.49791051358728455,19.0

-0.49791051358728455,19.0

3.605687540642124,55.0

-0.49791051358728455,19.0

2.2416376883956697,37.0

-0.49791051358728455,19.0

-0.49791051358728455,19.0

2.2416376883956697,37.0

2.2416376883956697,37.0

-0.49791051358728455,19.0

-0.49791051358728455,19.0

-0.49791051358728455,19.0

-0.49791051358728455,19.0

2.2416376883956697,37.0

-0.49791051358728455,19.0

-0.49791051358728455,19.0

-0.49791051358728455,19.0

-0.49791051358728455,19.0

-0.49791051358728455,19.0

-0.49791051358728455,19.0

-0.49791051358728455,19.0

2.2416376883956697,37.0

-0.49791051358728455,19.0

-0.49791051358728455,19.0

-0.49791051358728455,19.0

-0.49791051358728455,19.0

-0.49791051358728455,19.0

-0.49791051358728455,19.0

-0.49791051358728455,19.0

-0.49791051358728455,19.0

-0.49791051358728455,19.0

-0.49791051358728455,19.0

-0.49791051358728455,19.0

-0.49791051358728455,19.0

-0.49791051358728455,19.0

-0.49791051358728455,19.0

-0.49791051358728455,19.0

-0.49791051358728455,19.0

-0.49791051358728455,19.0

-0.49791051358728455,19.0

-0.49791051358728455,19.0

-0.49791051358728455,19.0

-0.49791051358728455,19.0

-0.49791051358728455,19.0

-0.49791051358728455,19.0

-0.49791051358728455,19.0

4.958384183113569,2125.0

-0.49791051358728455,19.0

4.958384183113569,1576.0

